"Nombre restaurante","Rating","Cantidad reviews","Dirección","Teléfono","Sitio web","Categoría","Google Maps URL","Latitud","Longitud","Comuna","Región","País","Fuente","Fecha extracción","Calidad dato","Es restaurante válido","Instagram URL","Instagram Usuario","Facebook URL","TikTok URL","Tiene Redes","Calidad Redes","Está en Uber Eats","URL Uber Eats","Confianza Uber Eats","Está en PedidosYa","URL PedidosYa","Confianza PedidosYa","Está en Rappi","URL Rappi","Confianza Rappi","Observaciones"
"TACU TACU Restaurante - Providencia","4.8","04","Av. Andrés Bello 2233, Local 2217, 7510056 Providencia, Región Metropolitana","9 7523 8600","https://instagram.com/tacutacuprovidencia?igshid=OGQ2MjdiOTE=","Restaurante peruano","https://www.google.com/maps/place/TACU+TACU+Restaurante+-+Providencia/@-33.4203473,-70.6104797,17z/data=!3m1!4b1!4m6!3m5!1s0x9662cf4b70822fe9:0xf81994fdb40ea03c!8m2!3d-33.4203473!4d-70.6104797!16s%2Fg%2F11tfz6cvsk?authuser=0&hl=es-419&entry=ttu&g_ep=EgoyMDI2MDUxNy4wIKXMDSoASAFQAw%3D%3D","-33.4203473","-70.6104797","Providencia","Metropolitana","Chile","Google Maps web scraping con Playwright","2026-05-22","Completo","Sí","","","","","","","","","","","","","","","",""
"Hambrientos & Sedientos Providencia","4.9","857","Tomás Andrews 67, 7500000 Providencia, Región Metropolitana","9 6796 6840","https://www.hambrientoschile.cl/pedir","Pub restaurante","https://www.google.com/maps/place/Hambrientos+%26+Sedientos+Providencia/data=!4m7!3m6!1s0x9662c54e18342111:0x42730626ff48fd4e!8m2!3d-33.4417148!4d-70.6325479!16s%2Fg%2F11m9zcrvgy!19sChIJESE0GE7FYpYRTv1I_yYGc0I?authuser=0&hl=es-419&rclk=1","-33.4417148","-70.6325479","Providencia","Metropolitana","Chile","Google Maps web scraping con Playwright","2026-05-22","Completo","Sí","","","","","","","","","","","","","","","",""
"Bertazzo Trattoria","4.9","71","Emilio Vaisse 402, 7501430 Providencia, Región Metropolitana","9 4746 2886","https://linktr.ee/bertazzo","Restaurante argentino","https://www.google.com/maps/place/Bertazzo+Trattoria/data=!4m7!3m6!1s0x9662c50068aaf8fb:0x819f7672d9d163f5!8m2!3d-33.4459438!4d-70.6274188!16s%2Fg%2F11vxswfqfx!19sChIJ-_iqaADFYpYR9WPR2XJ2n4E?authuser=0&hl=es-419&rclk=1","-33.4459438","-70.6274188","Providencia","Metropolitana","Chile","Google Maps web scraping con Playwright","2026-05-22","Completo","Sí","","","","","","","","","","","","","","","",""
"Kilú - Casa de Carnes","4.8","417","José Manuel Infante 28, 7500641 Providencia, Región Metropolitana","9 9916 9146","https://www.kilucasadecarnes.cl/","Restaurante especializado en filetes","https://www.google.com/maps/place/Kil%C3%BA+-+Casa+de+Carnes/data=!4m7!3m6!1s0x9662c5d9547e1577:0xfc5330f70249a13c!8m2!3d-33.431898!4d-70.623884!16s%2Fg%2F11wj0k0h23!19sChIJdxV-VNnFYpYRPKFJAvcwU_w?authuser=0&hl=es-419&rclk=1","-33.431898","-70.623884","Providencia","Metropolitana","Chile","Google Maps web scraping con Playwright","2026-05-22","Completo","Sí","","","","","","","","","","","","","","","",""
"La Yunta Providencia","4.6","37","Manuel Montt 748, 7500977 Providencia, Región Metropolitana","(2) 3270 0556","http://www.layunta.cl/","Restaurante","https://www.google.com/maps/place/La+Yunta+Providencia/@-33.4349707,-70.6163277,17z/data=!3m1!4b1!4m6!3m5!1s0x9662cf7c1d4926e9:0x86997b36f37f3a27!8m2!3d-33.4349707!4d-70.6163277!16s%2Fg%2F11cpppmpkp?authuser=0&hl=es-419&entry=ttu&g_ep=EgoyMDI2MDUxNy4wIKXMDSoASAFQAw%3D%3D","-33.4349707","-70.6163277","Providencia","Metropolitana","Chile","Google Maps web scraping con Playwright","2026-05-22","Completo","Sí","","","","","","","","","","","","","","","",""
"Restaurant Viva La Vida","4.8","29","Constitución 166, 7520367 Providencia, Región Metropolitana","9 8438 2683","https://www.restaurantvivalavida.cl/","Restaurante chileno","https://www.google.com/maps/place/Restaurant+Viva+La+Vida/@-33.4323847,-70.6350521,17z/data=!3m1!4b1!4m6!3m5!1s0x9662c5900af9e0f1:0x7a3457df8c8e8df0!8m2!3d-33.4323847!4d-70.6350521!16s%2Fg%2F11bbrm9xzn?authuser=0&hl=es-419&entry=ttu&g_ep=EgoyMDI2MDUxNy4wIKXMDSoASAFQAw%3D%3D","-33.4323847","-70.6350521","Providencia","Metropolitana","Chile","Google Maps web scraping con Playwright","2026-05-22","Completo","Sí","","","","","","","","","","","","","","","",""
"La Hacienda Gaucha","4.4","17","Providencia Región Metropolitana CL, Av. Pedro de Valdivia 1719, 7511282 Santiago, Providencia, Región Metropolitana","9 5396 4302","https://www.instagram.com/lahaciendagaucha","Restaurante especializado en filetes","https://www.google.com/maps/place/La+Hacienda+Gaucha/data=!4m7!3m6!1s0x9662cf77d05d9733:0x50a5c2a41484f2f5!8m2!3d-33.4387109!4d-70.6083537!16s%2Fg%2F11b7q82hfy!19sChIJM5dd0HfPYpYR9fKEFKTCpVA?authuser=0&hl=es-419&rclk=1","-33.4387109","-70.6083537","Providencia","Metropolitana","Chile","Google Maps web scraping con Playwright","2026-05-22","Completo","Sí","","","","","","","","","","","","","","","",""
"El Ancla Providencia","4.4","15","Sta. Beatriz 191, Providencia, Región Metropolitana","9 6122 0801","http://www.elancla.cl/","Restaurante","https://www.google.com/maps/place/El+Ancla+Providencia/data=!4m7!3m6!1s0x9662cf624adfc5c7:0x1baee6a121460f2c!8m2!3d-33.4260057!4d-70.6186499!16s%2Fg%2F11bycjg_bd!19sChIJx8XfSmLPYpYRLA9GIaHmrhs?authuser=0&hl=es-419&rclk=1","-33.4260057","-70.6186499","Providencia","Metropolitana","Chile","Google Maps web scraping con Playwright","2026-05-22","Completo","Sí","","","","","","","","","","","","","","","",""
"Le Bistrot de Gaetan","4.7","88","Sta. Magdalena 80, Local 7, 7510054 Providencia, Región Metropolitana","(2) 2232 1054","http://www.lebistrot.cl/","Restaurante francés","https://www.google.com/maps/place/Le+Bistrot+de+Gaetan/@-33.4208641,-70.6100723,17z/data=!3m1!4b1!4m6!3m5!1s0x9662cf6627dc8ad1:0xe6d73bc9a7a6887!8m2!3d-33.4208641!4d-70.6100723!16s%2Fg%2F1wl4rt9r?authuser=0&hl=es-419&entry=ttu&g_ep=EgoyMDI2MDUxNy4wIKXMDSoASAFQAw%3D%3D","-33.4208641","-70.6100723","Providencia","Metropolitana","Chile","Google Maps web scraping con Playwright","2026-05-22","Completo","Sí","","","","","","","","","","","","","","","",""
"Ay Mi Madre Restobar Providencia","4.4","477","Gral Flores 218, 7750000 Providencia, Región Metropolitana","9 4497 8597","https://linktr.ee/Aymimadrecl","Pub restaurante","https://www.google.com/maps/place/Ay+Mi+Madre+Restobar+Providencia/data=!4m7!3m6!1s0x9662cf31549a0e2f:0xe91ba3c5bee359c3!8m2!3d-33.426514!4d-70.6200915!16s%2Fg%2F11n08wt6lj!19sChIJLw6aVDHPYpYRw1njvsWjG-k?authuser=0&hl=es-419&rclk=1","-33.426514","-70.6200915","Providencia","Metropolitana","Chile","Google Maps web scraping con Playwright","2026-05-22","Completo","Sí","","","","","","","","","","","","","","","",""
"Casaluz Restaurant","4.5","05","Av. Italia 805, 7501184 Providencia, Región Metropolitana","9 8328 3329","https://www.casaluzrestaurant.cl/","Restaurante","https://www.google.com/maps/place/Casaluz+Restaurant/@-33.4421855,-70.6264657,17z/data=!3m1!4b1!4m6!3m5!1s0x9662c581e19870c3:0x9be183df6be6387c!8m2!3d-33.4421855!4d-70.6264657!16s%2Fg%2F1tx16kc6?authuser=0&hl=es-419&entry=ttu&g_ep=EgoyMDI2MDUxNy4wIKXMDSoASAFQAw%3D%3D","-33.4421855","-70.6264657","Providencia","Metropolitana","Chile","Google Maps web scraping con Playwright","2026-05-22","Completo","Sí","","","","","","","","","","","","","","","",""
"Giratorio","4.5","88","Av. Nueva Providencia 2250, 7500000 Providencia, Región Metropolitana","9 4247 3940","http://giratorio.cl/","Restaurante","https://www.google.com/maps/place/Giratorio/data=!4m7!3m6!1s0x9662cf68c0b11a77:0x2943c2e12a71bae4!8m2!3d-33.421721!4d-70.6085958!16s%2Fg%2F1hjhbv_h4!19sChIJdxqxwGjPYpYR5LpxKuHCQyk?authuser=0&hl=es-419&rclk=1","-33.421721","-70.6085958","Providencia","Metropolitana","Chile","Google Maps web scraping con Playwright","2026-05-22","Completo","Sí","","","","","","","","","","","","","","","",""
"Carrer Nou","4.6","26","Miguel Claro 1802, 7501394 Providencia, Región Metropolitana","(2) 2727 1161","https://www.facebook.com/CarrerNouCL/","Restaurante de cocina española","https://www.google.com/maps/place/Carrer+Nou/data=!4m7!3m6!1s0x9662cf814b9705a5:0x7d584a20336bdc9!8m2!3d-33.4455205!4d-70.6168304!16s%2Fg%2F11ckqrj8n1!19sChIJpQWXS4HPYpYRyb02A6KE1Qc?authuser=0&hl=es-419&rclk=1","-33.4455205","-70.6168304","Providencia","Metropolitana","Chile","Google Maps web scraping con Playwright","2026-05-22","Completo","Sí","","","","","","","","","","","","","","","",""
"Restaurante Peumayen - Comida Chilena Santiago","4.5","91","Constitución 136, 7520367 Providencia, Región Metropolitana","","https://www.peumayenchile.cl/","Restaurante chileno","https://www.google.com/maps/place/Restaurante+Peumayen+-+Comida+Chilena+Santiago/data=!4m7!3m6!1s0x9662c59aa16db1dd:0x1766370983bcca20!8m2!3d-33.4328182!4d-70.6350162!16s%2Fg%2F11b6z1sxl8!19sChIJ3bFtoZrFYpYRIMq8gwk3Zhc?authuser=0&hl=es-419&rclk=1","-33.4328182","-70.6350162","Providencia","Metropolitana","Chile","Google Maps web scraping con Playwright","2026-05-22","Sin teléfono","Sí","","","","","","","","","","","","","","","","Sin teléfono visible"
"Le Flaubert","4.5","682","Orrego Luco 125, 7510105 Providencia, Región Metropolitana","9 9820 6921","https://leflaubert.cl/","Restaurante","https://www.google.com/maps/place/Le+Flaubert/data=!4m7!3m6!1s0x9662cf66f40e9c4b:0x1436ab6a7739daf5!8m2!3d-33.4221115!4d-70.6128618!16s%2Fg%2F1tz72lg5!19sChIJS5wO9GbPYpYR9do5d2qrNhQ?authuser=0&hl=es-419&rclk=1","-33.4221115","-70.6128618","Providencia","Metropolitana","Chile","Google Maps web scraping con Playwright","2026-05-22","Completo","Sí","","","","","","","","","","","","","","","",""
"La Brava Restaurant","4.6","171","Av. Providencia 1713, 7500528 Providencia, Región Metropolitana","9 3644 3842","https://rest.nuvy.cl/la-brava","Restaurante","https://www.google.com/maps/place/La+Brava+Restaurant/@-33.4268293,-70.6150193,17z/data=!3m1!4b1!4m6!3m5!1s0x9662cf0007137975:0xfef2a0c7b5929a5c!8m2!3d-33.4268293!4d-70.6150193!16s%2Fg%2F11xn6z0qkj?authuser=0&hl=es-419&entry=ttu&g_ep=EgoyMDI2MDUxNy4wIKXMDSoASAFQAw%3D%3D","-33.4268293","-70.6150193","Providencia","Metropolitana","Chile","Google Maps web scraping con Playwright","2026-05-22","Completo","Sí","","","","","","","","","","","","","","","",""
"Del Beto Restaurant","4.3","56","Manuel Montt 1828, 7501280 Providencia, Región Metropolitana","(2) 2209 0206","http://delbeto.cl/","Restaurante chileno","https://www.google.com/maps/place/Del+Beto+Restaurant/@-33.4444713,-70.6141735,17z/data=!3m1!4b1!4m6!3m5!1s0x9662cf83ed3d8115:0xa4d5d3532a0430e8!8m2!3d-33.4444713!4d-70.6141735!16s%2Fg%2F1tj6w0d9?authuser=0&hl=es-419&entry=ttu&g_ep=EgoyMDI2MDUxNy4wIKXMDSoASAFQAw%3D%3D","-33.4444713","-70.6141735","Providencia","Metropolitana","Chile","Google Maps web scraping con Playwright","2026-05-22","Completo","Sí","","","","","","","","","","","","","","","",""
"Eladio Restaurant Providencia","4.4","98","Av. Nueva Providencia 2250, 7510086 Providencia, Región Metropolitana","9 9530 4537","http://www.eladio.cl/","Restaurante","https://www.google.com/maps/place/Eladio+Restaurant+Providencia/data=!4m7!3m6!1s0x9662cf68bef264ff:0xeb1ffbda7ce6dec6!8m2!3d-33.421716!4d-70.6085802!16s%2Fg%2F1v2kymky!19sChIJ_2TyvmjPYpYRxt7mfNr7H-s?authuser=0&hl=es-419&rclk=1","-33.421716","-70.6085802","Providencia","Metropolitana","Chile","Google Maps web scraping con Playwright","2026-05-22","Completo","Sí","","","","","","","","","","","","","","","",""
"Bar Liguria Manuel Montt","4.3","16","Av. Providencia 1353, 7500575 Santiago, Providencia, Región Metropolitana","","http://www.liguria.cl/","Restaurante","https://www.google.com/maps/place/Bar+Liguria+Manuel+Montt/@-33.4284996,-70.6191305,17z/data=!3m1!4b1!4m6!3m5!1s0x9662cf62e6a64093:0x7a36ab4eafc5b3a7!8m2!3d-33.4284996!4d-70.6191305!16s%2Fg%2F1hhm352mj?authuser=0&hl=es-419&entry=ttu&g_ep=EgoyMDI2MDUxNy4wIKXMDSoASAFQAw%3D%3D","-33.4284996","-70.6191305","Providencia","Metropolitana","Chile","Google Maps web scraping con Playwright","2026-05-22","Sin teléfono","Sí","","","","","","","","","","","","","","","","Sin teléfono visible"
"La Bifería","4.4","27","065, Av. Pedro de Valdivia, Providencia, Santiago, Región Metropolitana","(2) 2231 4677","https://www.labiferia.cl/","Restaurante especializado en filetes","https://www.google.com/maps/place/La+Bifer%C3%ADa/data=!4m7!3m6!1s0x9662cf668887840f:0xca13f08fa4fcfd86!8m2!3d-33.4228831!4d-70.6128602!16s%2Fg%2F12hyf2gfj!19sChIJD4SHiGbPYpYRhv38pI_wE8o?authuser=0&hl=es-419&rclk=1","-33.4228831","-70.6128602","Providencia","Metropolitana","Chile","Google Maps web scraping con Playwright","2026-05-22","Completo","Sí","","","","","","","","","","","","","","","",""
"Pal´Mar Restaurant","4.9","73","Condell 621, 7500000 Providencia, Región Metropolitana","9 9677 1812","http://www.palmarr.com/","Marisquería","https://www.google.com/maps/place/Pal%C2%B4Mar+Restaurant/data=!4m7!3m6!1s0x9662c532355eb9f1:0x50a389fa5e63504d!8m2!3d-33.4408405!4d-70.627778!16s%2Fg%2F11sh7rl04_!19sChIJ8bleNTLFYpYRTVBjXvqJo1A?authuser=0&hl=es-419&rclk=1","-33.4408405","-70.627778","Providencia","Metropolitana","Chile","Google Maps web scraping con Playwright","2026-05-22","Completo","Sí","","","","","","","","","","","","","","","",""
"TPM BAR Barrio Italia","3.9","652","Av. Italia 1226, 7501297 Providencia, Región Metropolitana","9 7649 3292","http://www.tpmbar.cl/","Bar restaurante","https://www.google.com/maps/place/TPM+BAR+Barrio+Italia/data=!4m7!3m6!1s0x9662c56cf0e6687b:0xa1a3e66c58d204a2!8m2!3d-33.4458846!4d-70.6250865!16s%2Fg%2F11shy38b39!19sChIJe2jm8GzFYpYRogTSWGzmo6E?authuser=0&hl=es-419&rclk=1","-33.4458846","-70.6250865","Providencia","Metropolitana","Chile","Google Maps web scraping con Playwright","2026-05-22","Completo","Sí","","","","","","","","","","","","","","","",""
"Bar Porfirio","4.5","922","Manuel Montt 697, 7500972 Providencia, Región Metropolitana","9 3391 9721","https://barporfirio.com/","Restaurante","https://www.google.com/maps/place/Bar+Porfirio/data=!4m7!3m6!1s0x9662cf96ce215003:0xc98947b728875671!8m2!3d-33.4346145!4d-70.6168949!16s%2Fg%2F11j0hsv5fl!19sChIJA1AhzpbPYpYRcVaHKLdHick?authuser=0&hl=es-419&rclk=1","-33.4346145","-70.6168949","Providencia","Metropolitana","Chile","Google Maps web scraping con Playwright","2026-05-22","Completo","Sí","","","","","","","","","","","","","","","",""
"OCULTO BEERGARDEN","4.6","16","Gral. Salvo 38, 7500 669, 7500669 Providencia, Región Metropolitana","","http://www.oculto.cl/","Restaurante","https://www.google.com/maps/place/OCULTO+BEERGARDEN/@-33.4334369,-70.625374,17z/data=!3m1!4b1!4m6!3m5!1s0x9662c5a37ed8cbd3:0x765c5a48fc6c3aac!8m2!3d-33.4334369!4d-70.625374!16s%2Fg%2F11jmwrpqk4?authuser=0&hl=es-419&entry=ttu&g_ep=EgoyMDI2MDUxNy4wIKXMDSoASAFQAw%3D%3D","-33.4334369","-70.625374","Providencia","Metropolitana","Chile","Google Maps web scraping con Playwright","2026-05-22","Sin teléfono","Sí","","","","","","","","","","","","","","","","Sin teléfono visible"
